model,gs_type,precision_micro,recall_micro,f1_micro,precision_macro,recall_macro,f1_macro,precision_entity1,recall_entity1,f1_entity1,precision_relation,recall_relation,f1_relation,precision_entity2,recall_entity2,f1_entity2,precision_soft,recall_soft,f1_soft,support_gold,support_pred,false_negatives,false_positives,soft_false_negatives,soft_false_positives
gemma3_4b_it,strict,0.030927835051546393,0.03488372093023256,0.032786885245901634,0.016666666666666666,0.016666666666666666,0.016666666666666666,0.29333333333333333,0.2894736842105263,0.2913907284768212,0.17647058823529413,0.35294117647058826,0.23529411764705885,0.19540229885057472,0.2361111111111111,0.21383647798742136,0.04,0.04597701149425287,0.0427807486631016,86,97,84,97,83,96
phi4mini_instruct,strict,0.020833333333333332,0.023255813953488372,0.02197802197802198,0.016666666666666666,0.016666666666666666,0.016666666666666666,0.21052631578947367,0.21052631578947367,0.21052631578947367,0.2,0.35294117647058826,0.25531914893617025,0.19540229885057472,0.2361111111111111,0.21383647798742136,0.03125,0.034482758620689655,0.03278688524590164,86,96,85,94,84,93
gemma3_4b_it,loose,0.061855670103092786,0.017857142857142856,0.02771362586605081,0.02519047619047619,0.02519047619047619,0.02519047619047619,0.4266666666666667,0.1322314049586777,0.20189274447949523,0.23529411764705882,0.2857142857142857,0.2580645161290323,0.4482758620689655,0.15234375,0.22740524781341107,0.08,0.023391812865497075,0.03619909502262443,336,97,336,94,334,92
phi4mini_instruct,loose,0.020833333333333332,0.005952380952380952,0.009259259259259259,0.016666666666666666,0.016666666666666666,0.016666666666666666,0.3815789473684211,0.11983471074380166,0.18238993710691825,0.26666666666666666,0.2857142857142857,0.2758620689655172,0.39080459770114945,0.1328125,0.19825072886297376,0.041666666666666664,0.011695906432748537,0.0182648401826484,336,96,340,94,338,92
