model,gs_type,precision,recall,f1,support_gold,support_pred
gemma3_4b_it,strict,0.030927835051546393,0.03488372093023256,0.032786885245901634,86,97
phi4mini_instruct,strict,0.020833333333333332,0.023255813953488372,0.02197802197802198,86,96
gemma3_4b_it,loose,0.061855670103092786,0.017857142857142856,0.02771362586605081,336,97
phi4mini_instruct,loose,0.020833333333333332,0.005952380952380952,0.009259259259259259,336,96
